<assembly>
    <id>all</id>

    <formats>
        <format>zip</format>
    </formats>
    <includeBaseDirectory>true</includeBaseDirectory>

    <fileSets>
        <fileSet>
            <directory>../target/site/apidocs</directory>
            <outputDirectory>docs/javadocs</outputDirectory>
        </fileSet>
        <fileSet>
            <directory>../examples/spring-hibernate-contacts</directory>
            <outputDirectory>examples/spring-hibernate</outputDirectory>
        </fileSet>
        <fileSet>
            <directory>../examples/ejb-integration</directory>
            <outputDirectory>examples/ejb-integration</outputDirectory>
        </fileSet>
        <fileSet>
            <directory>../examples/jaxb-json</directory>
            <outputDirectory>examples/jaxb-json</outputDirectory>
        </fileSet>
        <fileSet>
            <directory>../examples/jms-facade</directory>
            <outputDirectory>examples/jms-facade</outputDirectory>
        </fileSet>
        <fileSet>
            <directory>../examples/simple</directory>
            <outputDirectory>examples/simple</outputDirectory>
        </fileSet>
        <fileSet>
            <directory>../docbook/target/docbook/publish/en-US</directory>
            <outputDirectory>docs/userguide</outputDirectory>
        </fileSet>
    </fileSets>
    <dependencySets>
        <dependencySet>
            <unpack>true</unpack>
            <includes>
                <include>org.jboss.resteasy:resteasy-jaxrs-war</include>
            </includes>
            <outputDirectory>resteasy-jaxrs.war</outputDirectory>
        </dependencySet>
        <dependencySet>
            <unpack>false</unpack>
            <useTransitiveFiltering>true</useTransitiveFiltering>
            <includes>
                <include>org.jboss.resteasy:resteasy-jaxrs</include>
                <include>org.jboss.resteasy:resteasy-jaxb-provider</include>
                <include>org.jboss.resteasy:resteasy-atom-provider</include>
                <include>org.jboss.resteasy:resteasy-multipart-provider</include>
                <include>org.jboss.resteasy:resteasy-yaml-provider</include>
                <include>org.jboss.resteasy:resteasy-spring</include>
                <include>org.jboss.resteasy:async-http-jbossweb</include>
                <include>org.jboss.resteasy:async-http-servlet-3.0</include>
                <include>org.jboss.resteasy:async-http-tomcat6</include>
            </includes>
            <excludes>
                <exclude>org.jboss.resteasy:resteasy-jaxrs-war</exclude>
            </excludes>
            <outputDirectory>lib</outputDirectory>
        </dependencySet>
    </dependencySets>
</assembly>
