<chapter id="_Form">
<title>@Form</title>

<para>

This is a RESTEasy specific annotation that allows you to re-use any @*Param annotation within an injected class.  RESTEasy will instantiate the class and inject values into any annotated @*Param or @Context property.  This is useful if you have a lot of parameters on your method and you want to condense them into a value object.
</para>
<para>

</para>
<para>

<programlisting>
public class MyForm {

   @FormParam("stuff")
   private int stuff;


   @HeaderParam("myHeader")
   private String header;


   @PathParam("foo")
   public void setFoo(String foo) {...}
}



@POST
@Path("/myservice")
public void post(@Form MyForm form) {...}
</programlisting>
</para>
<para>

When somebody posts to /myservice, RESTEasy will instantiate an instance of MyForm and inject the form parameter &quot;stuff&quot; into the &quot;stuff&quot; field, the header &quot;myheader&quot; into the header field, and call the setFoo method with the path param variable of &quot;foo&quot;.
</para>
<para>

</para>
<para>


</para>
</chapter>
