<chapter id="Maven_and_RESTEasy">
   <title>Maven and RESTEasy</title>

   <para>


   </para>
   <para>
JBoss's Maven Repository is at:
      http://repository.jboss.org/maven2
   </para>
   <para>

      Here's the pom.xml fragment to use. Please replace 1.0.2.GA with the current Resteasy version you want to use.
   </para>
   <para>

      <programlisting>
&lt;repositories&gt;
   &lt;repository&gt;
      &lt;id&gt;jboss&lt;/id&gt;
      &lt;url&gt;http://repository.jboss.org/maven2&lt;/url&gt;
   &lt;/repository&gt;
&lt;/repositories&gt;
&lt;dependencies&gt;
   &lt;dependency&gt;
      &lt;groupId&gt;org.jboss.resteasy&lt;/groupId&gt;
      &lt;artifactId&gt;resteasy-jaxrs&lt;/artifactId&gt;
      &lt;version&gt;1.0.2.GA&lt;/version&gt;
   &lt;/dependency&gt;
&lt;/dependencies&gt;
      </programlisting>
   </para>
   <para>

   </para>
   <para>


   </para>
   <para>

      Please download the RESTEasy JAX-RS source and view our testsuite. Everything is done in maven and we use our
      Embedded JAX-RS Container to do our testing.
   </para>
   <para>


   </para>
</chapter>
